
0,CombatZoneResize,133,251,508,391,,,
0,SansText,welp. lets get started..,,,,
0,SansText,prepare for your bad time.,,,,,
0,HeartTeleport,320,376,,,,,
0,HeartMode,1,,,,,,
0.2,BoneVRepeat,128,257,95,0,280,8,175
0,BoneVRepeat,128,366,20,0,280,8,175
0,BoneVRepeat,503,257,95,2,280,8,175
0,BoneVRepeat,503,366,20,2,280,8,175
5.4,GetHeartPos,HeartX,HeartY,,,,,,
0,ADD,EndX,$EndX,$HeartX,,,,,
0,GasterBlaster,0,100,0,500,$HeartY,180,0.2,0.34221231
1,SansSlam,3,,,,
0,BoneStab,3,33,0.5,0.5,,,
0.6,SansSlam,2,,,,
0,BoneStab,2,33,0.5,0.5,,,
1.5,EndAttack,,,,,,,
